dataset,model1,model2,test,statistic,p_value,significant,mean_diff_f1,ci_lower_f1,ci_upper_f1,degenerate
CICIDS2017,XGBoost,RF,mcnemar,321.35583684950774,2.259401611985119e-154,True,-0.0007540068404403577,-0.0009966123389858444,-0.0005440473640333011,False
CICIDS2017,XGBoost,DT,mcnemar,178.86643026004728,1.1428882270089907e-184,True,-0.0006146972320111299,-0.0008612298114167416,-0.00040441736838591765,False
BoT-IoT,XGBoost,RF,mcnemar,18.232558139534884,3.349069421140338e-09,True,0.07993139100177915,0.02544678355549445,0.1421969134596177,False
BoT-IoT,XGBoost,DT,mcnemar,16.016666666666666,2.244976254271097e-13,True,0.05456746021212311,0.015942981074868745,0.0929290509389618,False
ToN-IoT,XGBoost,RF,mcnemar,73.5126050420168,2.539474341380139e-78,True,-0.0005339701886627468,-0.000717694851368067,-0.0003502292097860765,False
ToN-IoT,XGBoost,DT,mcnemar,28.72398190045249,2.918071087878078e-145,True,0.00045418717141121334,0.00021500872254464343,0.0006837482115841286,False
